Year,Month,SEA,Indonesia,Malaysia,Philippines,Thailand,Vietnam,NEA,China,"Hong Kong SAR, China",Japan,South Asia,Middle East,Oceania ,Europe,France,Germany,United Kingdom,North america,Other countries
1991,1,7836,3800,1654,289,2027,0,8605,0,1382,4040,1575,74,3660,3486,193,307,705,909,58
1991,2,7390,3353,1575,326,2075,0,8458,0,1252,4083,1567,54,4059,4112,244,381,540,995,65
1991,3,8967,4332,2112,329,2105,0,9886,0,1458,4579,1509,122,3641,4330,320,405,717,1067,110
1991,4,7443,3350,1503,299,2237,0,9307,0,1514,4247,1316,181,2966,3747,220,330,693,1027,49
1991,5,8538,3872,1687,345,2544,0,9252,0,1484,4157,1368,174,4095,3663,191,369,692,1120,86
1991,6,8388,3870,1866,296,2266,0,9227,0,1506,4142,1552,229,4670,4286,222,437,749,1480,99
1991,7,8552,4163,1691,452,2164,0,9116,0,1672,3911,1648,119,3879,4324,180,488,649,1022,84
1991,8,8788,4360,1741,384,2193,0,8814,0,1659,3697,1656,174,4114,3756,198,404,628,1176,90
1991,9,8580,4174,1760,372,2214,0,8558,0,1557,3830,1710,155,3874,4540,209,458,703,994,89
1991,10,9188,4564,1947,330,2287,0,9009,0,1685,3848,1719,176,3213,4258,170,534,704,1457,83
1991,11,9247,4640,1850,292,2394,0,8998,0,1787,3834,1753,165,3593,4400,258,397,717,1449,53
1991,12,10252,5212,2254,259,2446,0,9231,0,1677,3802,1821,192,3762,4382,202,426,668,1097,153
1992,1,9889,4988,2089,269,2483,0,7905,0,1684,3292,1835,132,4992,3475,145,379,567,1022,88
1992,2,8678,4221,1824,316,2258,0,7659,0,1267,3504,1763,152,4798,4110,285,372,640,1010,72
1992,3,9858,4493,2177,349,2739,0,8861,0,1686,3694,2049,199,5174,4892,309,532,720,1290,88
1992,4,8864,3674,1891,357,2844,0,8356,0,1543,3428,1808,133,3879,4173,296,589,687,1093,95
1992,5,10710,4969,2297,362,2909,0,9338,0,1647,3987,1767,281,3723,4919,452,645,692,1099,123
1992,6,9630,4173,2108,363,2764,0,9351,0,1537,4150,1893,173,4124,4826,596,499,669,1342,103
1992,7,10012,4799,2073,371,2613,0,9764,0,1960,4065,1851,292,3634,5563,537,858,785,1585,113
1992,8,10176,5081,1977,357,2587,0,9508,0,2050,3735,1827,314,4050,4792,388,701,587,1763,204
1992,9,10408,5326,2021,333,2563,0,9605,0,2030,4037,1985,301,4972,4369,236,543,540,1555,164
1992,10,11123,5814,2196,380,2554,0,10557,0,2289,4120,1900,324,4649,5515,355,776,632,1871,160
1992,11,10595,5772,1788,368,2500,0,10688,0,2426,4053,1744,350,4260,5633,319,704,687,1674,140
1992,12,10546,5478,1821,265,2787,0,10934,0,2254,4892,1742,261,4725,5166,327,554,700,1438,196
1993,1,9241,4597,1627,318,2539,0,9544,0,1741,4171,1741,220,4584,4145,265,454,680,1394,116
1993,2,8227,3422,1720,411,2444,0,9638,0,1766,4204,1828,248,4983,4868,274,660,823,1410,165
1993,3,9755,4186,1875,514,2901,0,11013,0,2248,4637,2295,464,5717,6061,558,714,877,1752,200
1993,4,9159,3833,2050,306,2673,0,10499,0,1926,4503,2061,308,4219,5275,345,616,853,1806,141
1993,5,9815,4231,1990,418,2898,0,11242,0,2203,4422,2049,269,4631,5874,346,660,1054,1856,276
1993,6,9548,3838,1773,527,3058,0,10762,0,2107,4619,2200,214,5265,5712,325,742,983,1732,270
1993,7,10406,4546,1930,468,3125,0,12152,0,2563,4902,2347,297,4489,6283,395,673,999,1992,215
1993,8,10127,4372,1628,500,3306,0,11718,0,2715,4279,2286,393,4632,5949,339,867,1053,2111,340
1993,9,10687,4703,1802,564,3343,0,11889,0,2844,4417,2277,484,4832,5945,368,766,1036,1989,269
1993,10,10891,4964,1795,554,3338,0,12759,0,3063,4417,3038,583,5131,6930,286,872,987,2512,301
1993,11,10369,4953,1643,447,3127,0,12486,0,2840,4379,2478,604,5820,6681,349,802,1007,2010,188
1993,12,11304,5474,1831,324,3460,0,12614,0,2628,4607,2319,747,6063,6793,342,800,1025,2259,238
1994,1,10678,4975,1755,464,3249,0,11372,0,2739,3795,2301,683,5405,5921,453,687,869,2373,183
1994,2,9898,4348,1646,477,3238,0,10580,0,2040,4142,2481,790,5639,6037,440,740,1003,1994,174
1994,3,10382,4041,1872,523,3636,0,14020,0,3045,5068,2701,985,6062,7338,469,863,1214,2430,227
1994,4,11045,4497,2200,526,3493,0,12942,0,2662,5021,2780,1006,5118,6076,412,794,955,2444,239
1994,5,11200,4127,2168,595,3970,0,12714,0,2576,4261,2608,1263,5394,6479,408,944,1065,3178,270
1994,6,10895,4321,1914,667,3580,0,14123,0,2844,5130,2462,935,5279,6975,437,835,940,2826,308
1994,7,11196,4437,1987,765,3452,0,13849,0,3121,4973,2695,767,4785,8042,420,891,933,3434,304
1994,8,11389,4713,2092,646,3454,0,13880,0,3263,4586,2786,631,4624,7177,348,761,948,3162,349
1994,9,11744,5011,2029,736,3472,0,14637,0,3498,4971,2824,794,5565,7284,296,825,962,3570,297
1994,10,11766,4976,2123,803,3379,0,15799,0,3479,5508,2530,988,5811,8161,445,925,1040,3778,273
1994,11,11966,5160,2051,831,3493,0,14116,0,3430,4599,2520,798,5664,8085,479,985,1076,3735,312
1994,12,12100,5268,2159,617,3606,0,14250,0,2865,5396,2477,623,6334,8461,495,1115,1047,3516,273
1995,1,10958,4624,1760,631,3580,0,12846,0,3047,4171,2319,589,5646,6881,454,929,886,3322,215
1995,2,10231,4204,1653,685,3312,0,11301,0,1865,4507,2350,540,5624,7504,496,799,1081,3412,237
1995,3,11301,3981,2105,633,4081,0,15078,0,3469,5149,2789,559,6158,8685,629,954,1258,4055,278
1995,4,11184,4592,1980,481,3713,0,15783,0,3273,5264,2688,636,5158,7794,594,899,1165,3840,267
1995,5,11574,4496,2057,496,4141,0,14319,0,2980,4039,2315,782,5751,7795,505,819,1193,4278,346
1995,6,11760,4750,1942,582,4033,0,15737,0,3130,5267,2560,802,6171,7937,494,1063,1075,4181,295
1995,7,11732,4772,1974,686,3844,0,16209,0,3429,5103,3058,1139,5625,8571,618,1111,1015,4118,406
1995,8,11906,4809,2071,790,3754,0,15286,0,3347,4706,3304,962,5488,7669,502,1017,978,3762,409
1995,9,12016,4839,2221,757,3726,0,15887,0,3818,4895,3023,773,5176,8077,663,1000,1153,4328,377
1995,10,11470,4661,1994,851,3554,0,17035,0,3603,5050,2700,1037,5136,8575,643,1133,1294,4335,305
1995,11,11063,4493,1868,725,3572,0,16748,0,3947,5085,2693,907,5279,8327,434,966,1302,4352,275
1995,12,11600,4738,1784,934,3624,0,16811,0,3495,5078,2681,882,6311,8614,594,1118,1145,3961,520
1996,1,11701,4770,1600,866,3848,0,14529,0,2986,4357,2746,622,5765,7439,413,1003,1111,3734,245
1996,2,10900,4193,1405,882,3904,0,13249,0,2657,4446,3055,677,6344,7700,443,840,1240,3574,302
1996,3,11638,4392,2105,856,4014,0,15586,0,3075,4815,3314,1016,6043,8685,546,1108,1452,4370,294
1996,4,12111,5363,1699,880,3729,0,15760,0,3118,4444,3270,847,5254,7544,653,942,1253,3773,283
1996,5,12872,5465,1840,918,4195,0,16049,0,2943,4565,2960,529,5604,8118,614,1155,1362,3374,358
1996,6,12489,5172,1845,1120,3889,0,16962,0,3286,5285,3045,424,5275,8501,746,1134,1306,3748,321
1996,7,12771,5755,1606,989,3764,0,17015,0,3561,4844,3177,575,5035,8638,776,1143,1174,3735,345
1996,8,13698,6075,2038,947,3901,0,16602,0,3751,4535,3561,551,5327,8196,685,959,1083,4201,429
1996,9,13060,5895,1829,1029,3637,0,16281,0,3833,4541,3313,599,5663,8926,727,1064,1205,4600,478
1996,10,14246,6446,1854,1164,4127,0,18484,0,3923,5536,3313,570,5824,9648,835,964,1471,4685,415
1996,11,14303,6833,1873,1146,3849,0,18077,0,3873,5322,2826,884,5812,9352,874,933,1487,5142,351
1996,12,14279,6275,2188,975,4239,0,18151,0,3714,5685,3086,965,7209,9371,1043,1052,1310,4843,408
1997,1,13796,5930,2151,989,4101,0,17172,0,3734,4925,2910,711,6774,7498,805,912,1233,4543,425
1997,2,11093,4071,1753,971,3728,0,14561,0,2592,4876,2980,846,6270,8255,906,1052,1321,4271,344
1997,3,14957,6238,2507,1050,4529,0,19991,0,4216,5897,3551,1103,5824,10268,1061,1138,1494,5463,501
1997,4,12895,5168,1921,1094,4215,0,18726,0,4103,5510,3276,854,5669,9324,1160,1065,1614,5021,310
1997,5,13957,5334,2140,1476,4516,0,18960,0,3967,5491,3005,835,5329,9730,1150,1102,1500,4978,338
1997,6,14322,5518,2385,1489,4170,0,18664,0,3854,5592,3083,753,5242,10201,1260,1410,1349,4774,359
1997,7,14755,6067,2307,1373,4272,0,19593,0,4009,6025,3337,687,5392,9975,1389,1479,1145,5112,389
1997,8,14321,5387,2398,1555,4189,0,19636,0,4190,5909,3558,579,5630,10137,1241,1449,1358,5082,445
1997,9,14057,5534,2223,1687,3888,0,19557,0,4015,6506,3490,717,6055,9931,1349,1497,1243,4551,322
1997,10,14852,5959,2364,1602,4320,0,21167,0,4295,6802,3497,972,6853,10763,1459,1339,1353,5053,325
1997,11,14847,5607,2428,1670,4631,0,21108,0,4197,6816,2957,760,6592,9970,1458,1395,1417,4241,278
1997,12,15084,6095,2368,1544,4490,0,20157,0,3592,6910,3040,1052,6807,9920,1217,1508,1268,3998,397
1998,1,13578,6172,1950,1255,3606,0,15893,0,2928,4931,2751,624,6059,7297,1083,908,995,3403,282
1998,2,11815,4524,2123,1330,3296,0,14799,0,2381,5058,2686,638,6050,7877,1184,1010,1140,3400,400
1998,3,15937,6778,2639,2042,3800,0,18877,0,3648,5711,3126,1039,6088,9693,1408,1614,1444,3242,321
1998,4,14030,6095,2239,1795,3292,0,17397,0,3102,5365,3080,668,5610,9043,1050,1685,1281,2862,234
1998,5,14668,5698,2453,2028,3708,0,18255,0,3566,5134,2868,637,6609,8802,1023,1748,1462,2917,346
1998,6,14385,6065,2330,2006,3330,0,17440,0,3303,5114,2949,509,6132,9652,914,2034,1638,2701,277
1998,7,14381,5784,2361,2191,3346,0,18478,0,3036,5641,3289,589,6321,9949,1280,1733,1679,2658,372
1998,8,13096,4866,2269,2039,3240,0,17544,0,2998,4728,3262,607,5729,8725,1146,1495,1374,2769,362
1998,9,13335,4814,2325,2194,3402,0,18247,0,3380,4979,2867,520,5960,8957,1279,1490,1569,2593,373
1998,10,14057,5472,2556,2059,3403,0,20213,0,3949,5466,2620,838,6055,9617,1220,1571,1737,3028,347
1998,11,14047,5328,2624,1923,3584,0,20422,0,4279,5321,2691,759,6336,10089,1396,1707,1585,3295,347
1998,12,14546,5303,2807,1975,3896,0,19416,0,3741,5572,2584,932,7416,9478,1285,1249,1515,3125,379
1999,1,14114,5085,2402,1946,4000,252,16938,1402,3446,4670,2603,601,6932,8287,1302,1217,1292,2802,348
1999,2,13378,5219,2311,1789,3443,267,15513,1311,2846,4567,3131,799,7146,8716,1354,1331,1482,2807,337
1999,3,15047,5866,2706,2158,3691,311,20045,1958,3926,5219,3412,1043,6984,10121,1356,1263,1854,3604,254
1999,4,14261,5555,2465,2106,3474,411,19800,1961,3992,5358,3116,803,6854,9403,1360,1275,1556,3135,278
1999,5,15108,5795,2668,2032,3937,346,20402,1821,4175,5481,3806,804,7953,10507,1391,1613,1898,3534,341
1999,6,14801,5489,2668,2006,3874,394,20567,1851,3905,5635,3453,712,7473,10127,1457,1480,1765,3360,311
1999,7,15902,5907,2734,1976,4434,462,22665,2101,4526,6348,3753,784,7595,10334,1538,1335,1789,3356,351
1999,8,15136,5762,2507,2043,3896,464,21463,2090,4439,5434,3817,725,7587,10447,1756,1528,1649,3336,398
1999,9,15527,5668,2759,2224,3965,416,22412,2260,4581,6175,3899,1095,8771,10313,1588,1454,1656,3353,357
1999,10,17046,6255,3072,2390,4278,470,25279,2431,5237,6699,3769,872,9608,12383,1813,1601,1948,3811,387
1999,11,17065,6457,3265,2372,4097,424,24812,2270,5218,6232,3543,788,9269,11847,1550,2206,1803,3300,243
1999,12,16621,5948,3057,2391,4374,394,25627,2137,5055,7419,3735,867,10336,11953,1612,1979,1684,4039,324
2000,1,15141,5314,2742,2164,3978,399,20785,1788,4103,5946,3302,746,9465,9575,1271,1448,1484,2965,290
2000,2,14815,5675,2772,2138,3431,341,19600,1541,3437,6009,3918,784,8072,11229,1428,1853,1806,3263,304
2000,3,17091,6886,3062,2179,3986,535,25255,2383,5344,6904,4158,956,8859,12451,1617,1888,1972,2967,528
2000,4,15394,5989,3103,1886,3632,449,24418,2289,5038,6774,4360,1059,7862,11442,1617,1849,1715,2960,248
2000,5,16452,6627,2951,2247,3758,354,23398,1826,4821,6463,4148,1257,9020,11805,1791,1677,1750,2878,286
2000,6,16266,6179,3179,2218,3818,317,25412,2151,4966,7335,4256,1169,8095,12049,1807,1629,1951,3180,275
2000,7,18357,7122,3619,2195,4203,474,26779,2184,5383,7794,4691,1408,8376,13086,1983,1973,2040,3458,311
2000,8,17573,6612,3399,2306,4017,471,24788,2273,5046,6743,4520,982,8512,12120,1573,1885,2041,3033,362
2000,9,16844,6057,3353,2233,4014,548,25928,2489,5312,7272,4333,1550,8438,12473,1868,1608,2012,3414,371
2000,10,16746,6286,3238,2306,3984,439,25652,2227,5197,6995,4189,1387,9437,14034,1740,2167,2079,3587,330
2000,11,16808,6337,3480,2007,4126,402,24375,2497,5295,6396,3957,1437,9541,13995,1981,2279,2059,3409,257
2000,12,16335,6081,3305,1972,4189,398,24225,2009,4862,6900,3763,1800,9558,13342,1703,2130,1957,3823,367
2001,1,14538,5608,2695,1883,3615,352,18306,1660,4020,4727,3581,968,9391,10495,1279,1628,1851,3077,276
2001,2,13769,4871,2967,1739,3453,394,19545,1942,3959,5069,4246,888,8306,12440,1993,2184,1711,2969,329
2001,3,15830,5915,3038,2085,3994,389,21198,2277,4561,5781,4687,967,9697,13902,1929,2319,2062,3099,410
2001,4,14210,5818,2652,1689,3402,299,19607,2038,4023,5232,3944,842,8665,12908,2166,2232,1906,2995,368
2001,5,14637,5827,2569,2056,3523,316,18082,1981,3742,4565,4644,902,9602,13274,1736,1942,1992,2229,355
2001,6,15119,6207,2654,1804,3622,328,19161,2133,3858,5250,4512,717,9228,12481,2041,1890,2176,2965,396
2001,7,14911,5970,2452,1867,3695,332,19195,1957,4240,4780,4486,843,8821,12832,2148,2032,2075,2939,366
2001,8,15821,6324,2844,1927,3760,360,21188,2428,4957,5059,4392,633,9386,12270,1672,1911,2212,2783,364
2001,9,14920,5690,2752,1773,3747,366,21443,2580,4813,4958,3966,948,9410,12195,1965,2187,1900,2685,333
2001,10,14462,6087,1790,2022,3821,312,22553,2673,5077,4801,3748,1256,9675,12274,2120,1895,1975,2675,326
2001,11,14271,5847,1937,1912,3950,367,22158,2834,5366,4577,3527,789,9415,12564,1853,2441,1951,2845,309
2001,12,13940,4993,2582,1808,3987,291,21987,2559,4742,5270,3467,687,9939,12080,1644,2232,1763,3379,425
2002,1,14666,5793,2360,1871,3993,339,19406,2121,4569,4531,3939,539,9691,10399,1427,1957,1591,2341,387
2002,2,12405,4612,1786,1462,3864,339,19422,2158,3743,5133,4505,565,9034,11841,1675,2099,2039,3155,420
2002,3,15569,6586,2059,1900,4196,447,25789,3386,5758,5996,4773,732,9202,14863,2079,2401,2768,3918,566
2002,4,13997,5308,1877,2297,3894,345,24844,3092,5846,5815,4212,636,8768,12702,2138,2091,2235,3317,370
2002,5,14768,5358,1834,2485,4222,314,24696,3245,6081,5718,4142,624,9282,12344,1775,2041,2084,3602,410
2002,6,15840,5708,1984,2833,4034,404,24571,3328,5533,5968,4131,749,8157,13799,2219,2518,1991,3602,390
2002,7,14768,5478,1965,2169,3552,448,24178,3573,5593,5537,4245,710,8315,13417,2116,2527,2041,3939,415
2002,8,15006,5353,1954,2765,3669,473,24836,4054,6088,5633,4633,1013,8169,12800,1888,1968,2080,3429,371
2002,9,14477,5167,2133,2031,3801,431,24734,3946,5982,5460,4316,854,8063,13146,1974,2271,2178,3703,383
2002,10,15695,5657,2270,2529,4027,421,27352,3823,6682,6108,4046,1009,9048,12920,1802,2312,2182,3517,342
2002,11,14660,5289,1954,2133,4359,369,27081,4314,6545,5888,3937,828,9233,12815,1905,2373,2055,3756,395
2002,12,13384,4436,1863,2043,4266,284,25337,3461,5830,5231,4118,834,9404,12670,1827,2232,2062,3707,402
2003,1,13960,5323,1993,1848,4010,434,22447,3018,5828,4875,4276,815,9537,10001,1390,1685,1606,3220,366
2003,2,12132,4523,1742,1713,3421,419,19471,2325,4189,4970,4361,630,7531,11518,1604,2134,1956,3186,365
2003,3,14941,5698,2191,2076,4027,543,26752,3860,6641,5805,4791,840,8387,13500,2253,2510,2195,3486,421
2003,4,12855,4601,2264,1762,3598,326,24030,3635,4839,5378,4191,848,8130,10716,1628,1804,1906,3506,272
2003,5,13333,4490,2059,2457,3659,336,23134,3419,4594,5332,4286,890,8008,11005,1575,2004,2008,3586,274
2003,6,13008,4316,2259,1893,3284,544,23435,3409,4801,5560,3884,644,6880,12501,1656,2706,2164,3940,344
2003,7,13714,4464,2339,2291,3458,587,24570,3786,5557,5555,4075,642,7335,11239,1612,2113,1895,3457,379
2003,8,13808,4438,2496,1948,3655,678,25637,4117,5834,5544,3985,633,7044,11434,1614,2133,1875,3239,327
2003,9,13215,4350,2550,1967,3266,523,27945,5173,6421,5761,4247,714,6956,11425,1765,2044,1890,3185,321
2003,10,14356,4993,2637,2302,3584,435,30480,5495,7231,6618,4152,794,7854,12213,1731,2061,2013,2917,335
2003,11,14088,4462,2645,2613,3615,310,29319,5378,6896,6503,4305,826,7040,12088,963,1728,1938,2464,226
2003,12,13757,4194,3027,2197,3505,301,28217,4768,6494,6813,4170,801,7907,11795,850,1784,1897,2550,242
2004,1,13722,4571,2806,2198,3346,345,23377,3819,5078,5731,4351,896,7477,8754,680,1326,1455,2146,246
2004,2,13826,4337,2635,2308,3380,606,27118,4274,6033,6490,4427,1172,6960,11252,709,1700,1687,2436,333
2004,3,15461,5475,2928,2684,3448,515,31307,5327,7309,7625,5032,1022,7343,12038,740,1859,1817,2960,301
2004,4,13414,4633,2704,2272,3004,488,29735,4842,6446,7370,4688,849,7237,11093,655,1856,1307,2956,304
2004,5,14174,5245,2570,2334,3135,481,29844,4842,6609,7132,4945,947,7960,12637,865,2172,1461,3070,365
2004,6,14378,5076,2581,2286,3382,558,29911,4631,6451,7610,4990,916,7178,11506,756,1987,1299,3177,332
2004,7,15202,5111,2783,2517,3639,617,30460,4976,6722,7303,5126,853,7451,12389,821,2087,1446,3597,321
2004,8,14919,5144,2632,2158,3844,753,29466,5267,7143,6551,4766,947,6935,11869,761,2060,1408,3199,305
2004,9,15801,5297,2791,2548,4176,720,31328,5769,7394,7461,4611,1051,8296,11453,765,2050,1397,2820,330
2004,10,15707,5383,2963,2538,4073,465,33635,6071,8268,7777,5108,1067,7982,12390,734,1980,1560,3346,234
2004,11,14242,4101,2926,2384,4123,434,31766,6088,8009,6582,4166,1088,7133,11812,697,1981,1238,2591,261
2004,12,16081,5074,3361,2608,4340,424,30138,5294,7316,7045,4482,969,7720,11460,680,2075,1147,2715,431
2005,1,14339,4762,2661,2497,3775,428,27262,4820,6312,6053,5258,1508,7483,10615,636,1816,999,2773,454
2005,2,13699,4615,2693,2139,3693,383,24299,4147,5588,5914,4580,924,6894,10386,700,1714,1132,2413,333
2005,3,16969,5705,3422,2711,4426,532,31944,5980,7788,7256,4895,846,6760,10945,796,1638,1096,2879,372
2005,4,15268,5107,2999,2808,3789,430,32219,5842,8144,7425,4655,837,7016,11431,741,1727,1174,2432,318
2005,5,15541,5243,3097,2596,4027,436,29477,5638,7403,5917,4367,871,6862,11605,651,1716,1190,2632,411
2005,6,15688,5287,3091,2371,4112,497,31117,5989,7538,7217,4482,938,6319,12025,676,2004,1148,2317,329
2005,7,16637,5417,3063,3303,3927,580,31435,6440,7404,7301,4584,775,6694,12590,658,1728,1292,3155,426
2005,8,15484,5157,3039,2583,3847,646,32190,6839,7758,7079,4633,742,6387,11669,658,1759,1135,2638,407
2005,9,17796,5377,2887,4927,3909,451,32652,7091,8241,7389,4724,854,6484,11948,728,1690,1258,2486,424
2005,10,16583,5402,3197,2718,4389,633,34741,6882,8596,7932,4512,1200,7199,13246,783,1778,1468,3195,397
2005,11,14729,4246,2850,2589,4290,556,33324,6958,8031,7545,4031,1245,7262,11735,724,1462,1464,2509,311
2005,12,16888,5756,3340,2794,4142,457,33528,6834,7719,7873,4842,1317,8086,12185,750,1533,1257,2843,432
2006,1,15382,4970,3149,2544,4029,448,29686,6547,6824,6173,4932,1010,8004,10647,656,1370,1079,2219,364
2006,2,14468,4956,2884,2439,3533,414,27364,5168,5719,7061,5254,1257,7287,10744,742,1475,1186,2333,310
2006,3,17076,5488,3537,2788,4227,667,37483,7430,9235,8864,5995,1316,9414,12327,808,1661,1317,2497,329
2006,4,15914,5315,3361,2614,3861,566,33784,6931,7841,7178,5424,1440,8427,11005,711,1560,1158,2410,310
2006,5,16559,5592,3606,2571,4078,451,32571,6417,7931,6596,5156,1188,8123,11814,728,1811,1383,1861,291
2006,6,16250,5331,3407,2550,4106,547,33142,6583,8024,7313,5058,1206,7341,11914,756,1784,1366,2416,314
2006,7,15974,4903,3579,2611,3996,596,34418,6735,8359,7471,5348,1142,7984,12556,749,1877,1448,2277,277
2006,8,16509,4829,3815,2983,4141,533,34737,7145,8660,7281,5115,1219,7960,11124,757,1657,1336,2445,257
2006,9,16434,4936,3806,2702,4228,520,36373,7453,9256,7925,5051,1105,7836,12066,776,1689,1421,2441,280
2006,10,15251,4454,3274,2748,3946,568,35957,7719,8545,8216,5274,1016,7357,13259,805,1822,1672,2737,262
2006,11,16832,5242,3618,2821,4425,497,37666,8550,9753,7723,5254,1504,7803,13196,802,1638,1696,2713,305
2006,12,16578,5195,3582,2668,4556,429,36802,7989,9038,8174,5253,1491,8169,12601,968,1648,1442,2640,412
2007,1,15796,4906,3279,2709,4219,544,30394,6144,7476,6695,4378,957,8223,10045,829,1496,1161,2514,342
2007,2,14693,4522,3220,2349,3903,454,27598,5510,6285,6810,4634,978,7969,11070,958,1526,1379,2188,334
2007,3,17036,5380,3735,2749,4222,751,36173,7813,8715,8068,5874,1305,8354,13124,1034,1810,1517,2577,304
2007,4,15116,4688,3171,2570,3820,656,33402,7773,8243,6858,5398,1433,6934,12323,1032,1974,1368,2560,220
2007,5,15708,4697,3191,2738,4066,636,32196,7489,8403,6112,5167,1327,8210,11467,961,1812,1402,2174,258
2007,6,16345,4668,3526,2746,4319,733,37620,8500,8806,7630,5173,1272,7686,12944,1130,1884,1620,2117,286
2007,7,16268,4722,3289,2789,4381,816,36231,8609,9034,7103,5013,1325,6612,13235,1140,1785,1526,2364,261
2007,8,17039,4871,3429,2795,4808,877,36589,8505,9824,7167,4948,1439,7200,12309,1035,1594,1770,2042,375
2007,9,16998,5353,3063,2664,4914,741,37645,8693,10287,7719,4991,1475,7079,12700,1068,1698,1620,1660,312
2007,10,17122,4700,3369,2899,5201,641,37674,7937,10665,7692,4954,1057,7523,13213,1207,1799,1783,1618,316
2007,11,17962,5970,3447,2741,4986,590,38867,9259,10947,7556,4878,1292,7877,13201,1149,1637,1578,1684,295
2007,12,17565,5769,3398,2636,5083,480,37191,8348,9640,7687,4976,1159,8387,12715,1181,1719,1581,1677,364
2008,1,16578,5174,2870,2576,5155,616,34715,7812,8765,6961,5298,1166,9044,10368,1018,1549,1388,1224,393
2008,2,14723,4349,2511,2321,4826,549,31937,6808,7356,7793,5683,1419,7507,10783,1142,1653,1508,1181,349
2008,3,17151,5915,2915,2226,5065,745,40050,9311,10299,8371,5947,1623,7257,12867,1245,1674,1738,1617,386
2008,4,15804,5049,2903,2402,4556,752,37034,8372,9546,7980,5259,1152,7232,11408,1038,1599,1514,1529,416
2008,5,16416,4936,2979,2448,5195,668,37659,8529,9756,7820,5800,1117,7875,11981,1072,1478,1581,1535,353
2008,6,16533,4560,3034,2475,5068,1100,37546,8406,9605,7908,5959,1051,6623,12965,1210,1873,1604,1622,324
2008,7,17100,4674,3273,2608,5065,1192,37533,8281,9752,8084,5861,1148,6975,12553,1131,1786,1590,2029,380
2008,8,17154,4912,3005,2463,5106,1330,37735,9110,9700,7729,6326,1041,6885,12284,1021,1594,1514,1994,363
2008,9,16710,5403,2846,2536,4721,946,34971,9077,9634,6401,5450,1983,7305,12094,1044,1764,1474,1499,318
2008,10,14972,4489,2417,2479,4526,870,33994,7879,9076,6629,5212,2001,7569,11920,1076,1740,1539,1486,342
2008,11,14506,5102,2447,2242,3779,741,31458,7475,9040,5682,5212,1808,7995,12115,994,1653,1442,1921,300
2008,12,13177,4760,2250,1828,3480,665,25294,6208,6794,4486,4826,1647,9246,10951,1080,1540,1287,1402,435
2009,1,12393,4768,2174,1537,3036,722,23800,6188,6722,3517,4836,1579,9552,8557,889,1169,1251,1167,263
2009,2,10266,3803,1876,795,2923,733,23301,6131,5785,3733,4547,1560,8523,9676,970,1285,1238,1006,250
2009,3,11744,4467,2158,720,3480,779,29089,8691,7776,3839,5168,1311,8681,11271,1108,1535,1752,1346,246
2009,4,11449,4224,2363,799,3387,569,28873,8498,7832,4198,4876,1010,7702,9619,1114,1388,1292,1139,219
2009,5,12397,4472,2213,968,3917,683,31171,9277,8467,4826,4841,1128,7668,11407,1127,1499,1507,1526,454
2009,6,12264,4422,1837,1012,3952,886,32428,9272,8921,5432,4415,1580,6551,11084,805,1481,1539,1749,354
2009,7,12688,4412,2062,1020,3986,1031,33448,9926,9013,5856,4901,1489,6982,11807,828,1572,1631,1922,362
2009,8,13374,4757,2002,1215,4128,1072,33840,10145,9355,5551,4680,1360,6378,11513,757,1563,1671,1872,295
2009,9,12871,4168,2113,1347,3995,1064,33419,9855,9275,5570,4191,1547,6635,11246,699,1447,1736,1656,409
2009,10,14655,5303,2270,1409,4221,1255,35673,10431,9419,6581,4569,1656,7015,12441,721,1477,1787,1494,418
2009,11,13721,4876,1984,1553,3963,1153,37078,11218,10205,5943,4477,1467,7395,12571,754,1460,1695,1391,245
2009,12,13438,5100,1720,1303,4124,1013,35064,9879,9622,6031,4553,1526,7929,11310,763,1451,1687,1298,366
2010,1,12621,4449,1364,1343,4176,1116,34355,9502,9303,5851,4591,1549,7552,10926,705,1348,1500,1262,255
2010,2,12435,4739,1576,1309,3920,705,30066,8027,8057,5686,4529,1834,6968,10718,763,1363,1513,1395,291
2010,3,13494,4974,1646,1380,4166,1071,37551,10657,10063,6666,5450,2032,7535,13325,788,1605,1966,1839,350
2010,4,12564,4545,1458,1181,3941,1181,37889,11835,9872,6166,4452,1683,6644,11128,646,1530,1622,1900,307
2010,5,12793,4494,1527,1259,4098,1189,37659,11773,9973,5955,5341,2228,6584,12433,754,1849,1855,2395,433
2010,6,12631,4615,1443,1327,3701,1287,36805,10616,10023,6267,5155,1977,6294,12319,699,1749,1632,2059,334
2010,7,13884,5049,1550,1271,4116,1623,38813,11333,10670,5877,5506,1915,6492,13112,752,1731,1812,2786,355
2010,8,13975,5075,1636,1258,3933,1764,37799,11497,11144,5179,5683,2097,6445,12261,701,1703,1888,2493,368
2010,9,13358,4831,1586,1259,4097,1249,35263,10761,9744,5374,5036,1992,6684,12289,704,1710,1989,2594,309
2010,10,14996,6204,1592,1267,4393,1200,37318,10366,10336,5704,5427,1671,6798,14281,752,1924,2108,2849,280
2010,11,13959,5323,1538,1149,4538,1117,35424,9839,10201,5529,4695,1612,7575,12834,861,2200,1836,2692,310
2010,12,13924,5070,1496,1125,4883,1083,36661,10429,10463,5745,4918,1947,7793,11727,823,1914,1802,2840,431
2011,1,13493,4806,1374,1146,4764,1109,35671,10554,10213,4942,4875,1683,7056,11730,926,1949,1717,2644,296
2011,2,11913,4419,1138,1038,4396,731,28603,7534,7130,5382,4950,1797,5730,11858,829,2029,1873,1985,379
2011,3,14552,6002,1613,1144,4546,1014,39816,12056,11515,5678,5992,1825,7248,13908,841,2094,2113,2145,364
2011,4,13354,5368,1412,1031,4300,1105,39172,12053,10403,6446,4967,1839,6876,12960,840,1801,2129,2437,331
2011,5,13230,4712,1523,1197,4647,960,38669,11997,10967,5717,5568,1890,6872,13957,888,2193,1991,2693,307
2011,6,13021,4448,1438,1241,4715,1023,38581,11537,10618,6470,5250,1854,6443,12565,789,1579,1783,2382,336
2011,7,13274,4443,1687,1295,4514,1143,41098,12543,11548,6178,5584,1990,6387,13441,707,1934,1852,3230,418
2011,8,12986,4522,1638,1213,4225,1164,38297,12152,10697,5559,5553,1933,6517,12870,796,1867,1819,3041,369
2011,9,13219,4601,1652,1106,4398,1183,37457,12164,10481,5314,5528,1907,6484,13219,808,1892,1978,2910,321
2011,10,14367,6209,1596,1088,3944,1206,39260,12723,11188,5190,5546,1881,7268,14545,745,2254,2140,2784,403
2011,11,13278,6400,1161,972,3410,1090,39624,13106,11377,5227,5162,2036,7939,14272,739,3170,1973,2162,317
2011,12,16247,7856,1296,1057,4611,1175,39698,12311,11912,5376,5230,2224,9048,13219,805,2587,1741,2054,444
2012,1,13275,5513,1096,990,4546,890,31582,10142,8836,4213,5035,1615,7469,10746,614,2095,1668,1866,383
2012,2,13224,4845,1178,1048,4668,1266,34255,9903,10140,4879,5121,2092,6925,12328,706,2386,1950,2231,500
2012,3,14831,5322,1417,1189,5253,1367,41702,13333,12340,5534,5330,2315,7202,13140,804,2422,1933,2079,485
2012,4,12847,4449,1246,1106,4543,1243,37716,12221,11180,5125,5189,2349,6237,12241,678,2149,1657,1711,322
2012,5,13467,4693,1260,1152,4920,1160,38489,12936,11323,5023,5872,2082,7309,12045,616,2155,1816,2040,375
2012,6,12797,4213,1193,1093,4550,1432,39929,13495,11518,5886,5370,2450,6376,12749,680,2196,1530,2072,383
2012,7,13248,4343,1235,1113,4783,1393,39639,13560,11259,5679,5626,2354,6473,13211,681,2041,1786,3060,312
2012,8,12875,4175,1204,1102,4620,1381,38288,13139,11175,5077,5255,2311,6637,12360,679,1948,1675,2477,279
2012,9,13600,4823,1244,1076,4808,1206,40368,13719,12113,5248,5267,2350,6411,12592,642,2033,1985,1863,428
2012,10,14018,5238,1151,965,5001,1292,38073,13053,11191,4707,5118,2485,6681,13061,675,2096,2096,2098,338
2012,11,13718,5345,1117,1018,4492,1411,39791,13911,12412,4582,4759,2107,8591,12976,697,1940,2492,1816,326
2012,12,13543,5100,1117,797,4878,1329,38906,12731,11963,4821,4855,2425,9560,12830,735,1813,2314,1869,461
2013,1,12939,4701,1017,882,4500,1576,35243,11942,10573,4223,5542,2287,9209,10470,619,1739,2064,1482,307
2013,2,12113,4966,1016,838,4021,1056,29487,9081,8248,4389,5599,2582,7484,11225,650,2042,2432,1592,297
2013,3,14422,5398,1265,944,4831,1676,41824,13586,12456,5710,7081,2641,9171,14839,693,2306,2947,1980,394
2013,4,12272,4721,1074,965,3934,1313,38151,13020,11614,4934,5628,2239,7823,12729,704,1901,2400,1757,247
2013,5,12158,4649,1101,1071,3647,1363,39067,12615,12023,4944,5495,2340,8325,13654,673,2447,2151,1723,345
2013,6,12041,4388,1159,967,3753,1407,40137,12878,11950,5873,5959,2595,7023,13934,612,2422,2299,2172,298
2013,7,12992,4982,1327,896,3910,1429,41086,13895,11761,5655,6043,2584,7212,14237,616,2624,2232,2317,377
2013,8,11678,4116,1229,930,3480,1475,39081,13225,11359,5407,5799,2477,6955,13307,654,2509,2062,2219,291
2013,9,12374,4817,1214,1069,3474,1351,38038,12817,11294,5244,5652,2551,7086,14027,793,2477,2443,1864,334
2013,10,12609,5009,1190,994,3553,1390,40706,13134,12198,5791,5898,2630,7028,14278,798,2636,2017,1623,303
2013,11,12752,5147,1098,979,3526,1586,42131,14107,12902,5765,5564,2579,7099,14781,798,2441,2373,1435,304
2013,12,12291,4842,1144,825,3915,1244,40528,13419,12104,5816,5841,2775,8814,13243,837,2022,2016,1346,342
2014,1,12649,4403,1177,820,4452,1433,38599,13140,11306,5054,5683,2255,9784,11513,752,1640,1853,1277,276
2014,2,11507,4243,969,816,4103,1016,29089,8068,7806,5268,5552,2743,7723,11321,774,1539,1870,1354,291
2014,3,14364,5117,1347,964,4739,1644,44470,14882,13057,6133,6294,3034,9172,14050,884,1637,2431,1546,256
2014,4,13045,4762,1274,882,4161,1642,40631,13604,11543,6078,5410,2372,7165,12068,737,1312,1939,1392,242
2014,5,14377,5057,1280,1067,4883,1635,41180,13314,12258,6063,6209,2427,7892,12853,731,1394,2186,1453,287
2014,6,13441,4836,1306,1044,4186,1769,40356,13238,11820,6166,5537,2294,7452,13271,792,1416,2243,1597,266
2014,7,13720,4598,1235,1083,4650,1834,41565,13388,12095,6503,5234,2328,7021,13400,862,1345,2287,1999,290
2014,8,13693,4621,1372,1132,4312,1895,41442,13080,12454,6525,5340,2333,6813,13155,822,1366,2285,1720,277
2014,9,13992,5233,1398,1028,4214,1726,39711,13379,11604,6234,5120,2452,7495,12809,553,1400,2241,1209,223
2014,10,14665,5129,1284,973,4883,1914,41417,13157,12180,6390,5176,2762,8361,12812,717,1312,2365,1151,205
2014,11,13091,4611,1172,871,4582,1575,39104,12681,11624,5833,4384,2944,7979,12229,726,1116,1963,968,162
2014,12,13641,4694,1517,1004,4764,1385,40508,12705,12308,6412,4811,2747,10299,12486,745,1330,1787,1011,280
2015,1,13311,5062,1274,906,4286,1512,37354,11632,11217,6039,5203,2260,11766,10627,613,1064,1828,1129,217
2015,2,12825,4832,1287,824,4431,1213,33467,9895,9597,5864,4675,2595,9083,11400,749,1170,2113,1364,167
2015,3,14585,5247,1619,931,4813,1730,40051,11427,11674,7212,5147,2854,10189,14417,774,1422,2515,1567,210
2015,4,12961,4601,1330,817,4261,1703,40971,13387,11686,6743,4965,2498,9414,11604,624,1322,1902,1265,229
2015,5,13459,4502,1192,899,5006,1511,41408,13421,12002,6708,5446,2848,9591,12566,691,1252,1963,1367,265
2015,6,12487,4168,1321,886,4218,1559,38694,12311,11248,6841,5602,2824,8576,12409,721,1252,1921,1386,212
2015,7,12411,3748,1600,914,4227,1470,39712,12336,11686,6860,5349,2864,8343,12969,852,1242,2110,1212,233
2015,8,12549,4092,1522,933,3938,1561,38839,12309,11772,6471,5353,2995,8891,12758,861,1165,2257,1402,183
2015,9,12675,4220,1476,955,4008,1450,38963,12977,11473,6532,5336,3024,10264,12801,788,1160,2220,1095,194
2015,10,13453,4597,1418,1044,4183,1612,40137,12662,12171,6642,5643,3407,10314,13681,714,1213,2242,1333,260
2015,11,12430,4351,1284,946,3861,1542,40437,12968,12810,6283,4765,3322,11254,14009,708,1146,2136,1419,202
2015,12,12692,4383,1388,976,4065,1472,40121,12537,12249,6674,5001,3181,13628,13107,653,1274,2015,1346,226
2016,1,13078,4834,1259,942,3948,1674,38215,11706,11847,6016,5532,2869,13934,12467,602,1080,1840,1009,168
2016,2,11862,4066,1433,1107,3626,1181,29861,8404,8448,5959,5357,3431,10589,12706,654,1131,2045,1102,271
2016,3,14073,5022,1559,862,4483,1641,42712,13380,12250,7378,6237,3203,12446,13754,650,1277,1982,1288,259
2016,4,13198,4902,1330,870,4193,1572,42120,12590,12059,7472,5854,3293,11252,12868,612,1219,1708,1199,345
2016,5,12989,4457,1209,829,4513,1587,40709,13013,11490,6976,6066,3338,10823,12483,648,1105,1637,1264,409
2016,6,13523,4503,1267,979,4413,1854,41503,13161,11717,7809,6183,3334,9537,13495,607,1261,1549,1707,252
2016,7,12967,3622,1874,876,4209,1787,41246,12888,11927,7134,5897,3200,9393,14211,603,1207,1904,2003,253
2016,8,14397,4696,1937,937,4362,1822,39597,12609,11994,6637,6139,3187,10396,13703,706,1433,1714,1745,294
2016,9,14196,4740,1417,991,4743,1688,40572,13120,11622,7277,5997,3180,10611,14362,733,1383,2011,1615,220
2016,10,14922,5289,1456,992,4804,1836,43015,13572,12342,7466,6520,3571,11005,15220,767,1441,2262,1801,180
2016,11,14228,4690,1343,1026,4862,1879,43009,14172,12483,7295,5957,3537,11466,13996,764,1504,2046,1990,167
2016,12,14313,4394,1316,989,5284,1771,44074,13733,12695,7920,6154,3837,11949,14432,769,1639,2060,2285,240
2017,1,13394,4076,1351,933,4733,1754,39984,12834,11233,6998,6255,3346,11011,12387,724,1460,1749,1477,206
2017,2,12498,3806,1228,913,4559,1451,33815,9635,8828,7287,6312,3539,9916,12563,695,1545,2002,1383,173
2017,3,15647,4716,1528,995,5695,2050,46752,15086,13209,8635,7366,3689,12016,15437,868,1659,2313,2143,236
2017,4,14297,4151,1232,956,5287,2192,43436,14375,11957,7916,6703,3948,10078,13935,740,1545,1972,1601,198
2017,5,14700,4233,1310,1005,5782,1993,43366,14518,12388,7624,6879,4388,11328,14159,730,1517,2186,1716,246
2017,6,13518,3842,1303,920,5066,1933,42386,14281,11929,7789,6558,3914,10129,13620,709,1434,1829,1623,257
2017,7,14989,4532,1417,967,5375,2085,44600,14371,12431,8289,6599,3909,9254,14387,724,1479,2104,2265,243
2017,8,15879,4882,1562,1098,5529,2053,44432,14683,12558,7631,6822,3820,9837,14467,685,1437,1986,2107,232
2017,9,15495,4521,1424,1129,5621,1988,45301,14956,12777,8209,7077,3881,10666,14519,673,1400,2386,1760,365
2017,10,15764,4451,1686,1384,5554,1980,43883,14221,12011,8162,7179,4005,11372,15394,789,1488,2657,1862,395
2017,11,15818,4201,1654,1432,5815,1951,46862,15748,13280,8195,6988,3962,12032,15969,1127,1464,3118,1935,342
2017,12,15041,4266,1608,1475,5387,1721,46593,14937,12891,8409,6661,3896,13348,14816,1157,1372,2830,1659,368
2018,1,14448.07,4193.57,1511.27,1292.46,4951.32,1840.48,42605.47,13849.58,11511.78,7467.59,6408.52,3712.46,13320.91,13556.76,1068.59,1344.53,2496.3,1467.61,290.84
2018,2,12725.52,3745.62,1394.06,1103.29,4596.91,1310.42,34666.29,10863.95,8523.56,7260.75,6116.27,3764.01,9157.65,11834.79,854.37,1238.84,2575,1347.63,484.14
2018,3,16323.63,4785.2,1650.35,1337.46,5851.41,1994.07,45668.55,14131.09,12063.05,9036.82,7577.93,4132.46,10830.79,15440.13,958.85,1548.63,3229.45,1923.74,368.72
2018,4,14700.2,4217.5,1524.83,1284.82,5267.42,1886.35,45260.11,15296.62,11927.57,8385.25,7117.54,4265.07,9653.72,12797.8,576.39,1593.04,2819.54,2403.2,395.23
2018,5,15307.82,3958.16,1446.73,1604.16,5742.43,1969.05,43696.47,14281.51,11843.89,8024.27,7262.89,4115.73,10715.73,12551.33,636.03,1392.15,2767.06,2302.21,624.57
2018,6,14546.41,3341.16,1564.32,1332.32,5450.9,2215.72,41740.36,13064.56,11680.57,7462.77,6814.87,4306,9106.3,12600.92,651.42,1423.72,2727.59,2214.34,588.58
2018,7,16667.26,4625.59,1943.67,1433.4,5674.45,2263.69,44173.78,14720.83,11750.54,7235.4,7171.28,3877.35,9242.53,13852.63,827.78,1589.39,2654.79,2516.01,815.17
2018,8,17068.18,4564.73,1826.29,1519.55,5925.22,2446.6,43847.25,15010.22,12146.55,6753.26,7617.3,3937.73,11047.32,12849.1,703.62,1455.05,2782.99,2655.71,578.45
2018,9,16604.84,4615.41,1802.94,1478.64,5571.72,2357.55,42713.23,15235.23,11246.42,6978.62,7278.62,4187.3,11267.33,13264.33,704.3,1408.01,2882.05,2645.29,521.82
2018,10,16916.92,4955.97,1847.99,1542.56,5498.4,2323.45,43255.63,14794.14,11579.2,7222.21,7693.23,4487.34,12540.48,13579.97,815.66,1552.91,3120.07,2562.9,800.6
2018,11,15964.29,4682.26,1586.14,1213.09,5706.69,2210.71,44229.83,15134.66,12035.69,7478.82,6622.28,4948.48,13105.73,14490.04,1122.97,1557.61,3178.12,3157.19,645.23
2018,12,16314.41,4437.23,1671.97,1162.81,6546.24,1924.04,39901.47,11778.26,11445.75,7349.5,7014.63,4614.71,13098.77,13949.79,1092.18,1443.64,2908.47,2703.71,590.72
2019,1,15114.76,5184.47,1770.68,1104.95,4619.42,1957.17,40393.82,14146.31,11207.62,6316.57,6362.35,4086.01,13374.85,10951.76,961.04,1314.79,2087.77,2053.87,541.06
2019,2,11720.69,3724.86,1392.96,914.11,3805.5,1414.97,28855.6,8426.83,7604.95,6002.41,6054.98,4237.86,9286.33,11829.44,994.94,1599.87,2421.18,1668.72,746.76
2019,3,15843.89,4981.78,1610.65,1050.35,5375.53,2366.28,43381.52,14760.2,12123.37,7408.85,6646.01,4726.23,11437.65,14249.78,1101.96,1634.35,2984.45,2698.12,666.95
2019,4,13757.12,3967.85,1260.28,965.71,4740.64,2490.06,35788.21,11573.9,10520.07,5860.25,5781.17,4279.6,7975.93,10536.87,540.66,1190.62,2049.53,2170.49,739.79
2019,5,15285.03,4610.2,1456.01,1025.07,5118,2527.43,37328.23,13149.54,10668.01,5491.19,6457.59,4431.57,12145.11,11681.94,647.92,1555.81,2394.09,2396.95,736.11
2019,6,13400.14,3261.71,1338.05,1005.71,4855.31,2372.61,38223.39,13418.2,10711.56,6364.14,6278.59,4158.25,9507.27,11802.92,664.83,1539,2527.52,2271.94,779.54
2019,7,14984.61,4214.66,1747.47,1086.84,4780.09,2540.03,39601.2,13599.35,11167.51,6652.13,6694.01,4828.42,9431.39,12538.71,634.93,1281.22,2571.84,2814.18,843.85
2019,8,14888.46,3799.49,1726.06,1145.41,5111.31,2432.1,40004.96,14528.63,11171.89,6026.14,6109.12,4506.59,10523.27,11948.17,627.87,1599.56,2540.61,2875.68,885.5
2019,9,15105.6,3930.12,2090.29,1115.62,4897.36,2395.82,39965.62,14794.78,11247.57,6136.85,6059.3,4586.2,9883.16,12741.89,687.81,1665.03,2341.65,2317.27,764.13
2019,10,16001.48,4178.07,2332.28,1162.64,5099.15,2632.77,41265.03,15112.93,11210.07,6336.98,6410,5066.26,9485.5,12615.74,666.07,1613.23,2685.57,2119.19,729.85
2019,11,14673.47,4091.01,1537.52,1003.38,4801.85,2668.61,43903.03,15983.05,11967.59,7355.81,5637.69,4714.49,10635.55,12500.79,1001.57,1492.82,2615.04,2114.57,735.8
2019,12,14552.55,4423.04,1579.29,887.82,4746.57,2350.35,41888.54,14722.27,11460.55,7074.35,5448.26,4726.2,11897.07,12265.26,1017.16,1537.91,2232.52,2236.44,629.61
2020,1,13898.08,4638.12,1496.67,852.37,4265.92,2142.41,37440.89,13690.85,9636.25,5875.73,5463.24,4302.97,10344.23,9810.29,912.21,1337.62,1886.75,1758.43,791.77
2020,2,14682.78,4626.43,1491.04,1120.59,4384.55,2505.02,28077.2,6314.46,6674.76,7124.1,6128.52,5213.82,9940.19,12071.42,1069,1795.48,2432.48,2348.4,749.84
2020,3,12714.61,4188.74,1514.6,853.35,3332.88,2441.55,36963.85,13081.32,9018.1,6657.1,4477.65,5834.65,9251.09,10877.05,572.67,1093.84,2434.35,2542.96,586.17
2020,4,4935.85,1445.8,542.75,540.98,340.07,1973.38,29894.71,11757.65,7887.89,2853.01,335.91,3941.16,4059.65,7917.59,0,1596.55,1052.91,1887.66,61.06
